"날짜	이름	사번	카드번호	출입문	띠용	며용	댸용"
"2017-06-15 9:00	굳건이	181818	2C8AO18	남대문	1231asdfa	fewfwf	fsdjdjdn"
"2017-06-15 14:00	굳건이	181818	2C8AO19	남대문	1232asdfa	fewfwf	fsdjdjdn"
"2017-06-15 19:00	굳건이	181818	2C8AO20	남대문	1233asdfa	fewfwf	fsdjdjdn"
"2017-06-16 0:00	굳건이	181818	2C8AO21	남대문	1234asdfa	fewfwf	fsdjdjdn"
"2017-06-16 5:00	굳건이	181818	2C8AO22	남대문	1235asdfa	fewfwf	fsdjdjdn"
"2017-06-16 10:00	굳건이	181818	2C8AO23	남대문	1236asdfa	fewfwf	fsdjdjdn"
"2017-06-16 15:00	굳건이	181818	2C8AO24	남대문	1237asdfa	fewfwf	fsdjdjdn"
"2017-06-16 20:00	굳건이	181818	2C8AO25	남대문	1238asdfa	fewfwf	fsdjdjdn"
"2017-06-17 1:00	굳건이	181818	2C8AO26	남대문	1239asdfa	fewfwf	fsdjdjdn"
"2017-06-17 6:00	굳건이	181818	2C8AO27	남대문	1240asdfa	fewfwf	fsdjdjdn"
"2017-06-17 11:00	굳건이	181818	2C8AO28	남대문	1241asdfa	fewfwf	fsdjdjdn"
"2017-06-17 16:00	굳건이	181818	2C8AO29	남대문	1242asdfa	fewfwf	fsdjdjdn"
"2017-06-17 21:00	굳건이	181818	2C8AO30	남대문	1243asdfa	fewfwf	fsdjdjdn"
"2017-06-18 2:00	굳건이	181818	2C8AO31	남대문	1244asdfa	fewfwf	fsdjdjdn"
"2017-06-18 7:00	굳건이	181818	2C8AO32	남대문	1245asdfa	fewfwf	fsdjdjdn"
"2017-06-18 12:00	굳건이	181818	2C8AO33	남대문	1246asdfa	fewfwf	fsdjdjdn"
"2017-06-18 17:00	굳건이	181818	2C8AO34	남대문	1247asdfa	fewfwf	fsdjdjdn"
"2017-06-18 22:00	굳건이	181818	2C8AO35	남대문	1248asdfa	fewfwf	fsdjdjdn"
"2017-06-19 3:00	굳건이	181818	2C8AO36	남대문	1249asdfa	fewfwf	fsdjdjdn"
"2017-06-19 8:00	굳건이	181818	2C8AO37	남대문	1250asdfa	fewfwf	fsdjdjdn"
"2017-06-19 13:00	굳건이	181818	2C8AO38	남대문	1251asdfa	fewfwf	fsdjdjdn"
"2017-06-19 18:00	굳건이	181818	2C8AO39	남대문	1252asdfa	fewfwf	fsdjdjdn"
"2017-06-19 23:00	굳건이	181818	2C8AO40	남대문	1253asdfa	fewfwf	fsdjdjdn"
"2017-06-20 4:00	굳건이	181818	2C8AO41	남대문	1254asdfa	fewfwf	fsdjdjdn"
"2017-06-20 9:00	굳건이	181818	2C8AO42	남대문	1255asdfa	fewfwf	fsdjdjdn"
"2017-06-20 14:00	굳건이	181818	2C8AO43	남대문	1256asdfa	fewfwf	fsdjdjdn"
"2017-06-20 19:00	굳건이	181818	2C8AO44	남대문	1257asdfa	fewfwf	fsdjdjdn"
"2017-06-21 0:00	굳건이	181818	2C8AO45	남대문	1258asdfa	fewfwf	fsdjdjdn"
"2017-06-21 5:00	굳건이	181818	2C8AO46	남대문	1259asdfa	fewfwf	fsdjdjdn"
"2017-06-21 10:00	굳건이	181818	2C8AO47	남대문	1260asdfa	fewfwf	fsdjdjdn"
"2017-06-21 15:00	굳건이	181818	2C8AO48	남대문	1261asdfa	fewfwf	fsdjdjdn"
"2017-06-21 20:00	굳건이	181818	2C8AO49	남대문	1262asdfa	fewfwf	fsdjdjdn"
"2017-06-22 1:00	굳건이	181818	2C8AO50	남대문	1263asdfa	fewfwf	fsdjdjdn"
"2017-06-22 6:00	굳건이	181818	2C8AO51	남대문	1264asdfa	fewfwf	fsdjdjdn"
"2017-06-22 11:00	굳건이	181818	2C8AO52	남대문	1265asdfa	fewfwf	fsdjdjdn"
"2017-06-22 16:00	굳건이	181818	2C8AO53	남대문	1266asdfa	fewfwf	fsdjdjdn"
"2017-06-22 21:00	굳건이	181818	2C8AO54	남대문	1267asdfa	fewfwf	fsdjdjdn"
"2017-06-23 2:00	굳건이	181818	2C8AO55	남대문	1268asdfa	fewfwf	fsdjdjdn"
"2017-06-23 7:00	굳건이	181818	2C8AO56	남대문	1269asdfa	fewfwf	fsdjdjdn"
"2017-06-23 12:00	굳건이	181818	2C8AO57	남대문	1270asdfa	fewfwf	fsdjdjdn"
"2017-06-23 17:00	굳건이	181818	2C8AO58	남대문	1271asdfa	fewfwf	fsdjdjdn"
"2017-06-23 22:00	굳건이	181818	2C8AO59	남대문	1272asdfa	fewfwf	fsdjdjdn"
"2017-06-24 3:00	굳건이	181818	2C8AO60	남대문	1273asdfa	fewfwf	fsdjdjdn"
"2017-06-24 8:00	굳건이	181818	2C8AO61	남대문	1274asdfa	fewfwf	fsdjdjdn"
"2017-06-24 13:00	굳건이	181818	2C8AO62	남대문	1275asdfa	fewfwf	fsdjdjdn"
"2017-06-24 18:00	굳건이	181818	2C8AO63	남대문	1276asdfa	fewfwf	fsdjdjdn"
"2017-06-24 23:00	굳건이	181818	2C8AO64	남대문	1277asdfa	fewfwf	fsdjdjdn"
"2017-06-25 4:00	굳건이	181818	2C8AO65	남대문	1278asdfa	fewfwf	fsdjdjdn"
"2017-06-25 9:00	굳건이	181818	2C8AO66	남대문	1279asdfa	fewfwf	fsdjdjdn"
"2017-06-25 14:00	굳건이	181818	2C8AO67	남대문	1280asdfa	fewfwf	fsdjdjdn"
"2017-06-25 19:00	굳건이	181818	2C8AO68	남대문	1281asdfa	fewfwf	fsdjdjdn"
"2017-06-26 0:00	굳건이	181818	2C8AO69	남대문	1282asdfa	fewfwf	fsdjdjdn"
"2017-06-26 5:00	굳건이	181818	2C8AO70	남대문	1283asdfa	fewfwf	fsdjdjdn"
"2017-06-26 10:00	굳건이	181818	2C8AO71	남대문	1284asdfa	fewfwf	fsdjdjdn"
"2017-06-26 15:00	굳건이	181818	2C8AO72	남대문	1285asdfa	fewfwf	fsdjdjdn"
"2017-06-26 20:00	굳건이	181818	2C8AO73	남대문	1286asdfa	fewfwf	fsdjdjdn"
"2017-06-27 1:00	굳건이	181818	2C8AO74	남대문	1287asdfa	fewfwf	fsdjdjdn"
"2017-06-27 6:00	굳건이	181818	2C8AO75	남대문	1288asdfa	fewfwf	fsdjdjdn"
"2017-06-27 11:00	굳건이	181818	2C8AO76	남대문	1289asdfa	fewfwf	fsdjdjdn"
"2017-06-27 16:00	굳건이	181818	2C8AO77	남대문	1290asdfa	fewfwf	fsdjdjdn"
"2017-06-27 21:00	굳건이	181818	2C8AO78	남대문	1291asdfa	fewfwf	fsdjdjdn"
"2017-06-28 2:00	굳건이	181818	2C8AO79	남대문	1292asdfa	fewfwf	fsdjdjdn"
"2017-06-28 7:00	굳건이	181818	2C8AO80	남대문	1293asdfa	fewfwf	fsdjdjdn"
"2017-06-28 12:00	굳건이	181818	2C8AO81	남대문	1294asdfa	fewfwf	fsdjdjdn"
"2017-06-28 17:00	굳건이	181818	2C8AO82	남대문	1295asdfa	fewfwf	fsdjdjdn"
"2017-06-28 22:00	굳건이	181818	2C8AO83	남대문	1296asdfa	fewfwf	fsdjdjdn"
"2017-06-29 3:00	굳건이	181818	2C8AO84	남대문	1297asdfa	fewfwf	fsdjdjdn"
"2017-06-29 8:00	굳건이	181818	2C8AO85	남대문	1298asdfa	fewfwf	fsdjdjdn"
"2017-06-29 13:00	굳건이	181818	2C8AO86	남대문	1299asdfa	fewfwf	fsdjdjdn"
"2017-06-29 18:00	굳건이	181818	2C8AO87	남대문	1300asdfa	fewfwf	fsdjdjdn"
"2017-06-29 23:00	굳건이	181818	2C8AO88	남대문	1301asdfa	fewfwf	fsdjdjdn"
"2017-06-30 4:00	굳건이	181818	2C8AO89	남대문	1302asdfa	fewfwf	fsdjdjdn"
"2017-06-30 9:00	굳건이	181818	2C8AO90	남대문	1303asdfa	fewfwf	fsdjdjdn"
"2017-06-30 14:00	굳건이	181818	2C8AO91	남대문	1304asdfa	fewfwf	fsdjdjdn"
"2017-06-30 19:00	굳건이	181818	2C8AO92	남대문	1305asdfa	fewfwf	fsdjdjdn"
"2017-07-01 0:00	굳건이	181818	2C8AO93	남대문	1306asdfa	fewfwf	fsdjdjdn"
"2017-07-01 5:00	굳건이	181818	2C8AO94	남대문	1307asdfa	fewfwf	fsdjdjdn"
"2017-07-01 10:00	굳건이	181818	2C8AO95	남대문	1308asdfa	fewfwf	fsdjdjdn"
"2017-07-01 15:00	굳건이	181818	2C8AO96	남대문	1309asdfa	fewfwf	fsdjdjdn"
"2017-07-01 20:00	굳건이	181818	2C8AO97	남대문	1310asdfa	fewfwf	fsdjdjdn"
"2017-07-02 1:00	굳건이	181818	2C8AO98	남대문	1311asdfa	fewfwf	fsdjdjdn"
"2017-07-02 6:00	굳건이	181818	2C8AO99	남대문	1312asdfa	fewfwf	fsdjdjdn"
"2017-07-02 11:00	굳건이	181818	2C8AO100	남대문	1313asdfa	fewfwf	fsdjdjdn"
"2017-07-02 16:00	굳건이	181818	2C8AO101	남대문	1314asdfa	fewfwf	fsdjdjdn"
"2017-07-02 21:00	굳건이	181818	2C8AO102	남대문	1315asdfa	fewfwf	fsdjdjdn"
"2017-07-03 2:00	굳건이	181818	2C8AO103	남대문	1316asdfa	fewfwf	fsdjdjdn"
"2017-07-03 7:00	굳건이	181818	2C8AO104	남대문	1317asdfa	fewfwf	fsdjdjdn"
"2017-07-03 12:00	굳건이	181818	2C8AO105	남대문	1318asdfa	fewfwf	fsdjdjdn"
"2017-07-03 17:00	굳건이	181818	2C8AO106	남대문	1319asdfa	fewfwf	fsdjdjdn"
"2017-07-03 22:00	굳건이	181818	2C8AO107	남대문	1320asdfa	fewfwf	fsdjdjdn"
"2017-07-04 3:00	굳건이	181818	2C8AO108	남대문	1321asdfa	fewfwf	fsdjdjdn"
"2017-07-04 8:00	굳건이	181818	2C8AO109	남대문	1322asdfa	fewfwf	fsdjdjdn"
"2017-07-04 13:00	굳건이	181818	2C8AO110	남대문	1323asdfa	fewfwf	fsdjdjdn"
"2017-07-04 18:00	굳건이	181818	2C8AO111	남대문	1324asdfa	fewfwf	fsdjdjdn"
"2017-07-04 23:00	굳건이	181818	2C8AO112	남대문	1325asdfa	fewfwf	fsdjdjdn"
